Natural_Name,Constituent_Name,Constituent_CAS,Percentage
Balm oil,"(E) 3,7-Dimethyl-3,6-octadienal (iso-Geranial)",72203-98-6,0.85
Balm oil,"(Z) 3,7-Dimethyl-3,6-octadienal (iso-Neral)",72203-97-5,0.4
Balm oil,Citronellal,106-23-0,6.88
Balm oil,Citronellyl acetate,150-84-5,1.35
Balm oil,dl-Citronellol,106-22-9,7.49
Balm oil,Geranial,141-27-5,29.6
Balm oil,Geraniol,106-24-1,3.79
Balm oil,Neral,106-26-3,16.68
"Lemongrass oil, East Indian","(E) 3,7-Dimethyl-3,6-octadienal (iso-Geranial)",72203-98-6,1.3
"Lemongrass oil, East Indian","(Z) 3,7-Dimethyl-3,6-octadienal (iso-Neral)",72203-97-5,0.78
"Lemongrass oil, East Indian",Citronellal,106-23-0,0.51
"Lemongrass oil, East Indian",Citronellyl acetate,150-84-5,0.23
"Lemongrass oil, East Indian",dl-Citronellol,106-22-9,0.25
"Lemongrass oil, East Indian",Eugenol,97-53-0,0.08
"Lemongrass oil, East Indian",Geranial,141-27-5,41.42
"Lemongrass oil, East Indian",Geraniol,106-24-1,5.25
"Lemongrass oil, East Indian",Isoeugenol,97-54-1,0.47
"Lemongrass oil, East Indian",Methyl eugenol,93-15-2,0.05
"Lemongrass oil, East Indian",Neral,106-26-3,30.54
"Lemongrass oil, West Indian","(E) 3,7-Dimethyl-3,6-octadienal (iso-Geranial)",72203-98-6,1.2
"Lemongrass oil, West Indian","(Z) 3,7-Dimethyl-3,6-octadienal (iso-Neral)",72203-97-5,1.0
"Lemongrass oil, West Indian",Citral,5392-40-5,73.0
"Lemongrass oil, West Indian",Citronellal,106-23-0,0.3
"Lemongrass oil, West Indian",Eugenol,97-53-0,0.2
"Lemongrass oil, West Indian",Geraniol,106-24-1,2.3
"Lemongrass oil, West Indian",Isoeugenol,97-54-1,0.5
Litsea cubeba oil,"(E) 3,7-Dimethyl-3,6-octadienal (iso-Geranial)",72203-98-6,1.0
Litsea cubeba oil,"(Z) 3,7-Dimethyl-3,6-octadienal (iso-Neral)",72203-97-5,0.4
Litsea cubeba oil,Citral,5392-40-5,69.0
Litsea cubeba oil,Citronellal,106-23-0,1.1
Litsea cubeba oil,dl-Citronellol,106-22-9,0.15
Litsea cubeba oil,Geraniol,106-24-1,1.1
Litsea cubeba oil,Longifolene,475-20-7,0.2
Litsea cubeba oil,Safrole,94-59-7,0.05
Petitgrain lemon oil,"(E) 3,7-Dimethyl-3,6-octadienal (iso-Geranial)",72203-98-6,0.5
Petitgrain lemon oil,"(Z) 3,7-Dimethyl-3,6-octadienal (iso-Neral)",72203-97-5,0.2
Petitgrain lemon oil,Citral,5392-40-5,23.0
Petitgrain lemon oil,Citronellal,106-23-0,1.0
Petitgrain lemon oil,Citronellyl acetate,150-84-5,0.2
Petitgrain lemon oil,Geraniol,106-24-1,2.0
"Bay leaf, West Indian, oil",1-Octen-3-yl acetate,2442-10-6,0.3
"Bay leaf, West Indian, oil",Estragole,140-67-0,0.1
"Bay leaf, West Indian, oil",Eugenol,97-53-0,51.0
"Bay leaf, West Indian, oil",Geranial,141-27-5,0.25
"Bay leaf, West Indian, oil",Methyl eugenol,93-15-2,2.0
"Bay leaf, West Indian, oil",Neral,106-26-3,0.2
"Erospicata oil, Mentha spicata 'Erospicata'",1-Octen-3-yl acetate,2442-10-6,0.06
"Erospicata oil, Mentha spicata 'Erospicata'",cis-3-Hexenyl isovalerate,35154-45-1,0.16
"Erospicata oil, Mentha spicata 'Erospicata'",Hexen-2-al,6728-26-3,0.07
"Erospicata oil, Mentha spicata 'Erospicata'",l-Carvone,6485-40-1,67.0
Lavandin abrialis oil,1-Octen-3-yl acetate,2442-10-6,0.2
Lavandin abrialis oil,2-Hexenal,505-57-7,0.02
Lavandin abrialis oil,7-Methoxycoumarin,531-59-9,0.01
Lavandin abrialis oil,Coumarin,91-64-5,0.2
Lavandin abrialis oil,Geraniol,106-24-1,0.3
Lavandin absolute,1-Octen-3-yl acetate,2442-10-6,1.09
Lavandin absolute,7-Methoxycoumarin,531-59-9,0.62
Lavandin absolute,alpha-Bisabolol,515-69-5,0.64
Lavandin absolute,Coumarin,91-64-5,1.77
Lavandin absolute,Geraniol,106-24-1,0.08
Lavandin grosso absolute,1-Octen-3-yl acetate,2442-10-6,0.14
Lavandin grosso absolute,7-Methoxycoumarin,531-59-9,2.0
Lavandin grosso absolute,alpha-Bisabolol,515-69-5,0.7
Lavandin grosso absolute,Benzyl alcohol,100-51-6,0.02
Lavandin grosso absolute,Coumarin,91-64-5,4.09
Lavandin grosso absolute,Eugenol,97-53-0,0.04
Lavandin grosso absolute,Geraniol,106-24-1,0.2
Lavandin grosso oil,1-Octen-3-yl acetate,2442-10-6,0.3
Lavandin grosso oil,alpha-Bisabolol,515-69-5,0.35
Lavandin oil,1-Octen-3-yl acetate,2442-10-6,0.3
Lavandin oil,7-Methoxycoumarin,531-59-9,0.01
Lavandin oil,alpha-Bisabolol,515-69-5,0.03
Lavandin oil,Geraniol,106-24-1,0.2
Lavandin super oil,1-Octen-3-yl acetate,2442-10-6,0.3
Lavandin super oil,alpha-Bisabolol,515-69-5,0.3
Lavandin super oil,Coumarin,91-64-5,0.1
Lavandin super oil,Geraniol,106-24-1,0.5
Lavender absolute,1-Octen-3-yl acetate,2442-10-6,0.31
Lavender absolute,7-Methoxycoumarin,531-59-9,3.8
Lavender absolute,Coumarin,91-64-5,5.98
Lavender absolute,Cuminaldehyde,122-03-2,0.06
Lavender concrete,1-Octen-3-yl acetate,2442-10-6,0.5
Lavender concrete,7-Methoxycoumarin,531-59-9,8.0
Lavender concrete,Geraniol,106-24-1,0.1
Lavender oil,1-Octen-3-yl acetate,2442-10-6,1.04
Lavender oil,2-Hexenal,505-57-7,0.01
Lavender oil,Geraniol,106-24-1,0.48
Lavender oil dentata,1-Octen-3-yl acetate,2442-10-6,0.0
Lavender oil dentata,Coumarin,91-64-5,0.35
Lavender oil dentata,Cuminaldehyde,122-03-2,0.2
Lavender oil dentata,Geraniol,106-24-1,0.0
Lavender oil dentata,l-Carvone,6485-40-1,0.3
Lavender oil dentata,p-Isopropylbenzyl alcohol,536-60-7,0.2
Mentha citrata oil,1-Octen-3-yl acetate,2442-10-6,0.25
Mentha citrata oil,Citral,5392-40-5,0.03
Mentha citrata oil,Estragole,140-67-0,0.3
Mentha citrata oil,Eugenol,97-53-0,0.01
Mentha citrata oil,Geraniol,106-24-1,1.17
Spearmint oil,1-Octen-3-yl acetate,2442-10-6,0.06
Spearmint oil,Hexen-2-al,6728-26-3,0.02
Spearmint oil,l-Carvone,6485-40-1,66.07
"Spearmint oil, Scotch",1-Octen-3-yl acetate,2442-10-6,0.06
"Spearmint oil, Scotch",Carvyl acetate,97-42-7,0.15
"Spearmint oil, Scotch",l-Carvone,6485-40-1,64.12
Anise seed oil,2-Hexenal,505-57-7,0.5
Anise seed oil,Estragole,140-67-0,2.39
Anise seed oil,p-Methoxybenzaldehyde,123-11-5,0.43
Clary sage absolute,2-Hexenal,505-57-7,0.04
Clary sage absolute,Geraniol,106-24-1,0.19
Clove leaf oil terpenes,2-Hexenal,505-57-7,0.01
Clove leaf oil terpenes,Eugenol,97-53-0,0.77
Coriander herb oil,2-Hexenal,505-57-7,0.02
Coriander herb oil,Geraniol,106-24-1,0.8
Grapefruit oil,2-Hexenal,505-57-7,0.03
Grapefruit oil,Citral,5392-40-5,0.1
Grapefruit oil,Citronellal,106-23-0,0.1
Grapefruit oil,Citronellal,106-23-0,0.1
Grapefruit oil,Geranial,141-27-5,0.06
Grapefruit oil,Neral,106-26-3,0.04
Jasmine sambac absolute,2-Hexenal,505-57-7,0.1
Jasmine sambac absolute,Benzyl alcohol,100-51-6,4.2
Jasmine sambac absolute,Benzyl benzoate,120-51-4,0.75
Jasmine sambac absolute,Benzyl cyanide,140-29-4,1.2
Jasmine sambac absolute,Benzyl salicylate,118-58-1,0.2
Jasmine sambac absolute,Cinnamic alcohol,104-54-1,0.15
Jasmine sambac absolute,Methyl N-formylanthranilate,41270-80-8,0.05
Jasmine sambac absolute,trans-trans-Farnesol,106-28-5,0.6
Jasmine sambac CO2 extract,2-Hexenal,505-57-7,0.01
Jasmine sambac CO2 extract,Benzyl alcohol,100-51-6,4.2
Jasmine sambac CO2 extract,Benzyl benzoate,120-51-4,0.75
Jasmine sambac CO2 extract,Benzyl cyanide,140-29-4,1.2
Jasmine sambac CO2 extract,Benzyl salicylate,118-58-1,0.15
Jasmine sambac CO2 extract,Cinnamic alcohol,104-54-1,0.15
Jasmine sambac CO2 extract,Methyl N-formylanthranilate,41270-80-8,0.05
Jasmine sambac CO2 extract,trans-trans-Farnesol,106-28-5,0.6
Laurel leaf oil,2-Hexenal,505-57-7,0.03
Laurel leaf oil,Estragole,140-67-0,0.16
Laurel leaf oil,Eugenol,97-53-0,1.33
Laurel leaf oil,Geraniol,106-24-1,0.05
Laurel leaf oil,Methyl eugenol,93-15-2,3.22
Petitgrain bigarade oil,2-Hexenal,505-57-7,0.09
Petitgrain bigarade oil,Citral,5392-40-5,0.65
Petitgrain bigarade oil,Citronellal,106-23-0,0.05
Petitgrain bigarade oil,Geraniol,106-24-1,2.4
"Pine Scotch, oil",2-Hexenal,505-57-7,0.02
"Pine Scotch, oil",Longifolene,475-20-7,0.09
Rose oil,2-Hexenal,505-57-7,0.02
Rose oil,Benzaldehyde,100-52-7,0.04
Rose oil,Benzyl alcohol,100-51-6,0.02
Rose oil,Benzyl benzoate,120-51-4,0.07
Rose oil,Citronellal,106-23-0,0.51
Rose oil,Citronellyl acetate,150-84-5,0.55
Rose oil,dl-Citronellol,106-22-9,32.5
Rose oil,Eugenol,97-53-0,1.14
Rose oil,Geranial,141-27-5,1.06
Rose oil,Geraniol,106-24-1,17.7
Rose oil,Methyl eugenol,93-15-2,2.0
Rose oil,Neral,106-26-3,0.79
Rose oil,trans-trans-Farnesol,106-28-5,1.37
Spike lavender oil,2-Hexenal,505-57-7,0.01
Spike lavender oil,Geraniol,106-24-1,0.2
Star anise oil,2-Hexenal,505-57-7,0.01
Star anise oil,Estragole,140-67-0,3.3
Star anise oil,p-Methoxybenzaldehyde,123-11-5,0.2
Tarragon oil,2-Hexenal,505-57-7,0.01
Tarragon oil,7-Methoxycoumarin,531-59-9,0.07
Tarragon oil,Estragole,140-67-0,80.0
Tarragon oil,Eugenol,97-53-0,0.6
Tarragon oil,Methyl eugenol,93-15-2,0.3
Violet leaf absolute,2-Hexenal,505-57-7,0.02
Violet leaf absolute,Benzyl alcohol,100-51-6,0.1
Wormwood oil,2-Hexenal,505-57-7,0.06
Wormwood oil,alpha-Thujone,546-80-5,3.0
Wormwood oil,beta-Thujone,471-15-8,42.0
Wormwood oil,Geraniol,106-24-1,0.1
Yarrow oil,2-Hexenal,505-57-7,0.02
Yarrow oil,alpha-Bisabolol,515-69-5,0.3
Yarrow oil,alpha-Thujone,546-80-5,2.0
Yarrow oil,beta-Thujone,471-15-8,0.6
Yarrow oil,Farnesol,4602-84-0,0.1
Yarrow oil,l-Carvone,6485-40-1,0.2
"Birch tar oil, rectified",2-Methyl-2-pentenal,623-36-9,0.05
"Birch tar oil, rectified",Cresol (unspecified),1319-77-3,1.8
Lavandin concrete,7-Methoxycoumarin,531-59-9,0.37
Lavandin concrete,alpha-Bisabolol,515-69-5,1.91
Lavandin concrete,alpha-Bisabolol,515-69-5,1.91
Lavandin concrete,Coumarin,91-64-5,1.21
"Lemon oil, expressed",7-Methoxycoumarin,531-59-9,0.05
"Lemon oil, expressed",Citral,5392-40-5,3.5
"Lemon oil, expressed",Citronellal,106-23-0,0.1
"Lemon oil, expressed",Geraniol,106-24-1,0.1
"Lime oil, expressed",7-Methoxycoumarin,531-59-9,0.21
"Lime oil, expressed",Citronellal,106-23-0,0.5
"Lime oil, expressed",Geranial,141-27-5,2.6
"Lime oil, expressed",Geraniol,106-24-1,0.15
"Lime oil, expressed",Neral,106-26-3,1.7
"Lime oil, expressed",trans-Carvyl acetate,1134-95-8,0.2
"Persian lime oil, expressed",7-Methoxycoumarin,531-59-9,0.28
"Persian lime oil, expressed",Citronellal,106-23-0,1.39
"Persian lime oil, expressed",Geranial,141-27-5,2.45
"Persian lime oil, expressed",Geraniol,106-24-1,0.12
"Persian lime oil, expressed",Neral,106-26-3,1.61
Horseradish oil,Allyl isothiocyanate,57-06-7,45.0
Angelica seed oil,alpha-Bisabolol,515-69-5,0.2
Angelica seed oil,Cyclopentadecanolide/omega-Pentadecalatone,106-02-5,0.29
Angelica seed oil,Longifolene,475-20-7,0.5
Arnica absolute,alpha-Bisabolol,515-69-5,0.15
Arnica absolute,Farnesol,4602-84-0,1.2
"Arnica oils, montana",alpha-Bisabolol,515-69-5,0.6
"Arnica oils, montana",Farnesol,4602-84-0,5.0
Baccharis dracunculifolia oil,alpha-Bisabolol,515-69-5,1.4
Baccharis dracunculifolia oil,Farnesol,4602-84-0,0.2
"Basil oil, chemotype linalool",alpha-Bisabolol,515-69-5,0.2
"Basil oil, chemotype linalool",Citronellyl acetate,150-84-5,0.1
"Basil oil, chemotype linalool",Estragole,140-67-0,0.95
"Basil oil, chemotype linalool",Eugenol,97-53-0,7.9
"Basil oil, chemotype linalool",Geraniol,106-24-1,0.2
"Basil oil, chemotype linalool",Methyl eugenol,93-15-2,0.2
Cabreuva oil,alpha-Bisabolol,515-69-5,2.0
Cabreuva oil,Farnesol,4602-84-0,0.1
Carrot seed oil,alpha-Bisabolol,515-69-5,0.28
Carrot seed oil,cis-Asarone/beta-Asarone,5273-86-9,0.05
Carrot seed oil,Farnesol,4602-84-0,2.18
Carrot seed oil,Geranial,141-27-5,0.03
Carrot seed oil,Geraniol,106-24-1,1.43
Carrot seed oil,l-Carvone,6485-40-1,0.05
Carrot seed oil,Neral,106-26-3,0.01
Carrot seed oil,p-Isopropylbenzyl alcohol,536-60-7,0.06
Carrot seed oil,trans-Asarone/alpha-Asarone,2883-98-9,0.19
"Cedarwood oil, Chinese",alpha-Bisabolol,515-69-5,0.6
"Cedarwood oil, Chinese",alpha-Cedrene,469-61-4,19.1
"Cedarwood oil, Chinese",beta-Cedrene,546-28-1,6.0
"Cedarwood oil, Texas",alpha-Bisabolol,515-69-5,0.15
"Cedarwood oil, Texas",alpha-Cedrene,469-61-4,12.0
"Cedarwood oil, Texas",beta-Cedrene,546-28-1,3.0
"Cedarwood oil, Texas",Longifolene,475-20-7,0.4
"Cedarwood oil, Virginian",alpha-Bisabolol,515-69-5,0.6
"Cedarwood oil, Virginian",alpha-Cedrene,469-61-4,24.3
"Cedarwood oil, Virginian",beta-Cedrene,546-28-1,5.9
"Chamomile flower oil, blue",alpha-Bisabolol,515-69-5,4.0
"Fir needle oil, Siberian",alpha-Bisabolol,515-69-5,0.2
"Fir needle oil, Siberian",Geraniol,106-24-1,0.03
Mastic oil,alpha-Bisabolol,515-69-5,0.08
Mastic oil,Geraniol,106-24-1,0.05
Mastic oil,Methyl eugenol,93-15-2,0.02
Populus nigra absolute,alpha-Bisabolol,515-69-5,0.2
Sandalwood oil,alpha-Bisabolol,515-69-5,0.22
"Sandalwood oil, Australian",alpha-Bisabolol,515-69-5,3.02
"Sandalwood oil, Australian",trans-trans-Farnesol,106-28-5,8.38
"Sandalwood oil, New Caledonian",alpha-Bisabolol,515-69-5,0.47
"Sandalwood oil, New Caledonian",trans-trans-Farnesol,106-28-5,0.85
Schinus terebenthifolius CO2 extract,alpha-Bisabolol,515-69-5,0.3
Schinus terebenthifolius CO2 extract,Citronellyl acetate,150-84-5,0.25
Turmeric oil,alpha-Bisabolol,515-69-5,0.1
Turmeric oil,Eugenol,97-53-0,1.0
Zdravetz oil,alpha-Bisabolol,515-69-5,2.0
Cananga oil,alpha-Cedrene,469-61-4,0.4
Cananga oil,Benzyl benzoate,120-51-4,4.2
Cananga oil,Benzyl salicylate,118-58-1,0.4
Cananga oil,Eugenol,97-53-0,0.4
Cananga oil,Farnesol,4602-84-0,2.0
Cananga oil,Geraniol,106-24-1,0.7
Cananga oil,Methyl eugenol,93-15-2,0.2
"Cedarwood oil, Atlas",alpha-Cedrene,469-61-4,1.5
"Cedarwood oil, Atlas",Longifolene,475-20-7,0.6
Cypress oil,alpha-Cedrene,469-61-4,0.36
Cypress oil,beta-Cedrene,546-28-1,0.38
Helichrysum absolute,alpha-Cedrene,469-61-4,0.08
Helichrysum absolute,Geraniol,106-24-1,0.03
Juniper berry oil,alpha-Cedrene,469-61-4,0.4
Juniper berry oil,beta-Thujone,471-15-8,0.05
Juniper berry oil,Citronellyl acetate,150-84-5,0.19
Juniper berry oil,Geraniol,106-24-1,0.1
Juniper berry oil,Longifolene,475-20-7,0.1
"Pine needle, dwarf, oil",alpha-Cedrene,469-61-4,0.25
"Pine needle, dwarf, oil",Longifolene,475-20-7,0.15
Verbena absolute,alpha-Cedrene,469-61-4,0.5
Verbena absolute,beta-Cedrene,546-28-1,0.1
Verbena absolute,cis-Asarone/beta-Asarone,5273-86-9,0.01
Verbena absolute,Citral,5392-40-5,25.6
Verbena absolute,dl-Citronellol,106-22-9,0.45
Verbena absolute,Eugenol,97-53-0,0.55
Verbena absolute,Geraniol,106-24-1,4.1
Verbena absolute,Methyl eugenol,93-15-2,0.1
Verbena absolute,trans-Asarone/alpha-Asarone,2883-98-9,0.1
Vetiver oil (all origins),alpha-Cedrene,469-61-4,0.2
Vetiver oil (all origins),beta-Cedrene,546-28-1,0.1
Armoise vulgaris oil,alpha-Thujone,546-80-5,50.0
Armoise vulgaris oil,beta-Thujone,471-15-8,7.5
Armoise vulgaris oil,Eugenol,97-53-0,1.0
Armoise vulgaris oil,Geraniol,106-24-1,1.0
Artemesia afra oil,alpha-Thujone,546-80-5,50.0
Artemesia afra oil,beta-Thujone,471-15-8,10.0
Artemisia herba-alba oil,alpha-Thujone,546-80-5,39.0
Artemisia herba-alba oil,beta-Thujone,471-15-8,10.0
Cedar leaf oil,alpha-Thujone,546-80-5,55.0
Cedar leaf oil,beta-Thujone,471-15-8,10.0
"Cedar leaf oil, China",alpha-Thujone,546-80-5,2.3
"Cedar leaf oil, China",beta-Thujone,471-15-8,10.0
Hyssop oil,alpha-Thujone,546-80-5,0.2
Hyssop oil,beta-Thujone,471-15-8,0.2
Hyssop oil,Estragole,140-67-0,0.17
Hyssop oil,Hexen-2-al,6728-26-3,0.2
Hyssop oil,Methyl eugenol,93-15-2,0.2
Mentha longifolia oil,alpha-Thujone,546-80-5,7.1
Mentha longifolia oil,beta-Thujone,471-15-8,1.0
Mentha longifolia oil,Carvone,99-49-0,1.0
Olibanum oil,alpha-Thujone,546-80-5,0.1
Olibanum oil,beta-Thujone,471-15-8,0.4
Olibanum sacra oil,alpha-Thujone,546-80-5,0.1
Olibanum sacra oil,beta-Thujone,471-15-8,0.2
Olibanum sacra oil,Carvone,99-49-0,0.3
Sage Dalmatian oil,alpha-Thujone,546-80-5,25.0
Sage Dalmatian oil,beta-Thujone,471-15-8,8.0
Sage Dalmatian oleoresin,alpha-Thujone,546-80-5,7.3
Sage Dalmatian oleoresin,beta-Thujone,471-15-8,2.7
"Sage oil, Spanish",alpha-Thujone,546-80-5,0.01
"Sage oil, Spanish",beta-Thujone,471-15-8,0.02
"Sage oil, Spanish",Geraniol,106-24-1,0.3
Sage oleoresin,alpha-Thujone,546-80-5,7.5
Sage oleoresin,beta-Thujone,471-15-8,2.5
Savory summer oil,alpha-Thujone,546-80-5,1.5
Savory summer oil,beta-Thujone,471-15-8,0.5
"Spruce oil, Black",alpha-Thujone,546-80-5,0.17
"Spruce oil, Black",dl-Citronellol,106-22-9,0.2
"Spruce oil, Black",Longifolene,475-20-7,0.25
Tansy oil,alpha-Thujone,546-80-5,0.5
Tansy oil,beta-Thujone,471-15-8,71.0
Cassie absolute,Anisyl alcohol,105-13-5,0.8
Cassie absolute,Benzaldehyde,100-52-7,0.3
Cassie absolute,Benzyl alcohol,100-51-6,2.7
Cassie absolute,Benzyl benzoate,120-51-4,0.05
Cassie absolute,Benzyl salicylate,118-58-1,0.03
Cassie absolute,Citral,5392-40-5,0.03
Cassie absolute,Eugenol,97-53-0,0.06
Cassie absolute,Geraniol,106-24-1,1.0
Cassie absolute,p-Methoxybenzaldehyde,123-11-5,1.0
Mimosa absolute,Anisyl alcohol,105-13-5,0.12
Mimosa absolute,Benzaldehyde,100-52-7,0.08
Mimosa absolute,Benzyl alcohol,100-51-6,0.19
Mimosa absolute,Benzyl benzoate,120-51-4,0.12
Mimosa absolute,Benzyl salicylate,118-58-1,0.02
Mimosa absolute,Eugenol,97-53-0,0.02
Mimosa absolute,p-Methoxybenzaldehyde,123-11-5,0.1
Vanilla absolute,Anisyl alcohol,105-13-5,0.03
Vanilla absolute,p-Methoxybenzaldehyde,123-11-5,0.03
Vanilla CO2 extract,Anisyl alcohol,105-13-5,0.02
Vanilla CO2 extract,p-Methoxybenzaldehyde,123-11-5,0.0
Vanilla oleoresin,Anisyl alcohol,105-13-5,0.7
Vanilla oleoresin,p-Methoxybenzaldehyde,123-11-5,0.03
Vanilla tahitensis absolute,Anisyl alcohol,105-13-5,0.07
Vanilla tahitensis absolute,p-Methoxybenzaldehyde,123-11-5,0.0
Vanilla tahitensis CO2 extract,Anisyl alcohol,105-13-5,0.0
Vanilla tahitensis CO2 extract,p-Methoxybenzaldehyde,123-11-5,0.0
Vanilla tincture,Anisyl alcohol,105-13-5,0.01
"Almond oil, bitter",Benzaldehyde,100-52-7,99.0
"Benzoin infusion, Sumatra",Benzaldehyde,100-52-7,0.001
"Benzoin infusion, Sumatra",Benzyl benzoate,120-51-4,0.018
"Benzoin infusion, Sumatra",Benzyl cinnamate,103-41-3,0.4
"Benzoin infusion, Sumatra",Cinnamic alcohol,104-54-1,0.006
"Benzoin infusion, Sumatra",Eugenol,97-53-0,0.001
Cajuput oil,Benzaldehyde,100-52-7,0.1
Cajuput oil,Geraniol,106-24-1,0.2
Cassia  bark oil,Benzaldehyde,100-52-7,1.3
Cassia  bark oil,Benzyl benzoate,120-51-4,0.08
Cassia  bark oil,Cinnamic alcohol,104-54-1,0.0
Cassia  bark oil,Cinnamic aldehyde,104-55-2,78.85
Cassia  bark oil,Coumarin,91-64-5,2.85
Cassia  bark oil,Eugenol,97-53-0,0.1
Cassia  bark oil,Isoeugenol,97-54-1,0.1
Cassia  bark oil,o-Methoxycinnamaldehyde,1504-74-1,0.7
Cassia bark oleoresin,Benzaldehyde,100-52-7,0.95
Cassia bark oleoresin,Benzyl benzoate,120-51-4,0.06
Cassia bark oleoresin,Cinnamic alcohol,104-54-1,0.37
Cassia bark oleoresin,Cinnamic aldehyde,104-55-2,46.23
Cassia bark oleoresin,Coumarin,91-64-5,3.27
Cassia bark oleoresin,Eugenol,97-53-0,0.02
Cassia bark oleoresin,o-Methoxycinnamaldehyde,1504-74-1,0.94
Cassia oil,Benzaldehyde,100-52-7,1.0
Cassia oil,Benzyl benzoate,120-51-4,0.1
Cassia oil,Cinnamic alcohol,104-54-1,0.2
Cassia oil,Cinnamic aldehyde,104-55-2,79.5
Cassia oil,Coumarin,91-64-5,2.0
Cassia oil,Eugenol,97-53-0,0.1
Cassia oil,Isoeugenol,97-54-1,0.1
Cassia oil,o-Methoxycinnamaldehyde,1504-74-1,9.0
Cinnamon bark CO2 extract,Benzaldehyde,100-52-7,0.1
Cinnamon bark CO2 extract,Benzyl benzoate,120-51-4,1.8
Cinnamon bark CO2 extract,Cinnamic alcohol,104-54-1,1.1
Cinnamon bark CO2 extract,Cinnamic aldehyde,104-55-2,77.5
Cinnamon bark CO2 extract,Coumarin,91-64-5,0.1
Cinnamon bark CO2 extract,Eugenol,97-53-0,2.5
Cinnamon bark CO2 extract,Isoeugenol,97-54-1,0.05
Cinnamon bark oil,Benzaldehyde,100-52-7,0.2
Cinnamon bark oil,Benzyl benzoate,120-51-4,0.6
Cinnamon bark oil,Cinnamic alcohol,104-54-1,0.3
Cinnamon bark oil,Cinnamic aldehyde,104-55-2,75.0
Cinnamon bark oil,Coumarin,91-64-5,0.6
Cinnamon bark oil,Eugenol,97-53-0,2.0
Cinnamon bark oil,Isoeugenol,97-54-1,0.02
Cinnamon bark oil,o-Methoxycinnamaldehyde,1504-74-1,0.5
Cinnamon bark oil,Safrole,94-59-7,0.2
"Cinnamon bark oil, Laos",Benzaldehyde,100-52-7,0.5
"Cinnamon bark oil, Laos",Benzyl benzoate,120-51-4,0.01
"Cinnamon bark oil, Laos",Cinnamic alcohol,104-54-1,0.5
"Cinnamon bark oil, Laos",Cinnamic aldehyde,104-55-2,95.0
"Cinnamon bark oil, Laos",Coumarin,91-64-5,3.0
"Cinnamon bark oil, Laos",Farnesol,4602-84-0,0.01
Cinnamon leaf oil,Benzaldehyde,100-52-7,0.16
Cinnamon leaf oil,Benzyl alcohol,100-51-6,0.1
Cinnamon leaf oil,Benzyl benzoate,120-51-4,3.5
Cinnamon leaf oil,Cinnamic aldehyde,104-55-2,1.5
Cinnamon leaf oil,Coumarin,91-64-5,0.3
Cinnamon leaf oil,Eugenol,97-53-0,74.0
Cinnamon leaf oil,Farnesol,4602-84-0,0.12
Cinnamon leaf oil,Isoeugenol,97-54-1,0.13
Cinnamon leaf oil,Methyl eugenol,93-15-2,0.01
Cinnamon leaf oil,Safrole,94-59-7,1.2
Cistus absolute,Benzaldehyde,100-52-7,0.6
Cistus absolute,Cinnamic alcohol,104-54-1,0.03
Cistus absolute,Eugenol,97-53-0,0.06
Cistus absolute,Geraniol,106-24-1,0.01
Cistus concrete,Benzaldehyde,100-52-7,0.6
Cistus oil,Benzaldehyde,100-52-7,0.9
Cistus oil,Carvyl acetate,97-42-7,0.18
Cistus oil,Eugenol,97-53-0,0.4
Cistus oil,Isophorone,78-59-1,0.2
Cistus oil,l-Carvone,6485-40-1,0.6
Davana oil,Benzaldehyde,100-52-7,0.2
Hyacinth absolute,Benzaldehyde,100-52-7,0.1
Hyacinth absolute,Benzyl alcohol,100-51-6,40.0
Hyacinth absolute,Benzyl benzoate,120-51-4,6.0
Hyacinth absolute,Benzyl salicylate,118-58-1,0.2
Hyacinth absolute,Cinnamic alcohol,104-54-1,11.2
Hyacinth absolute,Cinnamic aldehyde,104-55-2,0.3
Hyacinth absolute,Eugenol,97-53-0,0.2
Hyacinth absolute,Geraniol,106-24-1,0.03
Hyacinth absolute,Methyl eugenol,93-15-2,1.5
Jasmine grandiflorum absolute,Benzaldehyde,100-52-7,0.02
Jasmine grandiflorum absolute,Benzyl cyanide,140-29-4,0.02
Jasmine grandiflorum absolute,Cresol (unspecified),1319-77-3,0.7
Jasmine grandiflorum absolute,Geraniol,106-24-1,0.02
Jasmine grandiflorum absolute,Isoeugenol,97-54-1,0.12
Labdanum extract ambreine,Benzaldehyde,100-52-7,0.8
Labdanum gum,Benzaldehyde,100-52-7,0.2
Labdanum oil,Benzaldehyde,100-52-7,0.38
Labdanum oil,Carvone,99-49-0,0.25
Labdanum oil,Eugenol,97-53-0,0.5
Labdanum oil,Geraniol,106-24-1,0.12
Labdanum oil,Methyl eugenol,93-15-2,0.05
Labdanum oleoresin,Benzaldehyde,100-52-7,0.2
Labdanum resinoid,Benzaldehyde,100-52-7,0.03
Niaouli oil,Benzaldehyde,100-52-7,0.2
Niaouli oil,dl-Citronellol,106-22-9,0.1
Perilla oil,Benzaldehyde,100-52-7,0.33
Perilla oil,Citral,5392-40-5,0.17
Perilla oil,Cuminaldehyde,122-03-2,0.24
Perilla oil,Perilla aldehyde,2111-75-3,53.78
Rose absolute,Benzaldehyde,100-52-7,0.02
Rose absolute,Benzyl alcohol,100-51-6,0.54
Rose absolute,Benzyl benzoate,120-51-4,0.02
Rose absolute,Citronellyl acetate,150-84-5,0.13
Rose absolute,dl-Citronellol,106-22-9,4.02
Rose absolute,Eugenol,97-53-0,0.65
Rose absolute,Farnesol,4602-84-0,0.32
Rose absolute,Geranial,141-27-5,0.07
Rose absolute,Geraniol,106-24-1,1.64
Rose absolute,Methyl eugenol,93-15-2,0.43
Rose absolute,Neral,106-26-3,0.08
Rose concrete,Benzaldehyde,100-52-7,0.5
Rose concrete,Citral,5392-40-5,0.16
Rose concrete,Citronellyl acetate,150-84-5,0.03
Rose concrete,dl-Citronellol,106-22-9,4.7
Rose concrete,Eugenol,97-53-0,1.0
Rose concrete,Geraniol,106-24-1,2.7
Rose concrete,Methyl eugenol,93-15-2,0.5
Styrax extract,Benzaldehyde,100-52-7,0.05
Styrax extract,Benzyl trans-cinnamate,78277-23-3,1.0
Styrax extract,Cinnamic alcohol,104-54-1,0.8
Styrax extract,Cinnamic aldehyde,104-55-2,0.05
Styrax extract,Cresol (unspecified),1319-77-3,0.39
Styrax oil,Benzaldehyde,100-52-7,0.03
Styrax oil,Benzyl alcohol,100-51-6,0.07
Styrax oil,Benzyl benzoate,120-51-4,0.02
Styrax oil,Benzyl trans-cinnamate,78277-23-3,1.75
Styrax oil,Cinnamic alcohol,104-54-1,1.85
Styrax oil,Cinnamic aldehyde,104-55-2,0.03
"Styrax oil, Honduras",Benzaldehyde,100-52-7,0.1
"Styrax oil, Honduras",Benzyl cinnamate,103-41-3,2.1
"Styrax oil, Honduras",Cinnamic alcohol,104-54-1,1.5
"Styrax oil, Honduras",Cinnamic aldehyde,104-55-2,0.1
"Styrax oil, pyrogenated",Benzaldehyde,100-52-7,0.1
"Styrax oil, pyrogenated",Cinnamic alcohol,104-54-1,0.3
"Styrax oil, pyrogenated",p-Cresol,106-44-5,0.3
Styrax resinoid,Benzaldehyde,100-52-7,0.04
Styrax resinoid,Benzyl trans-cinnamate,78277-23-3,0.93
Styrax resinoid,Cinnamic alcohol,104-54-1,1.4
Styrax resinoid,Cinnamic aldehyde,104-55-2,0.04
"Balsam absolute, Peru",Benzyl alcohol,100-51-6,0.43
"Balsam absolute, Peru",Benzyl benzoate,120-51-4,32.5
"Balsam absolute, Peru",Benzyl cinnamate,103-41-3,9.95
"Balsam oil, Peru",Benzyl alcohol,100-51-6,1.57
"Balsam oil, Peru",Benzyl benzoate,120-51-4,59.17
"Balsam oil, Peru",Benzyl cinnamate,103-41-3,16.38
"Balsam resinoid, Peru",Benzyl alcohol,100-51-6,0.17
"Balsam resinoid, Peru",Benzyl benzoate,120-51-4,14.16
"Balsam resinoid, Peru",Benzyl cinnamate,103-41-3,9.02
Carnation absolute,Benzyl alcohol,100-51-6,0.2
Carnation absolute,Benzyl benzoate,120-51-4,13.0
Carnation absolute,Benzyl salicylate,118-58-1,7.0
Carnation absolute,Eugenol,97-53-0,18.0
Champaca absolute,Benzyl alcohol,100-51-6,0.64
Champaca absolute,Benzyl benzoate,120-51-4,0.53
Champaca absolute,Benzyl cyanide,140-29-4,1.0
Champaca absolute,Cinnamic alcohol,104-54-1,0.02
Champaca absolute,Eugenol,97-53-0,0.55
Champaca absolute,Isoeugenol,97-54-1,0.03
Champaca absolute,Methyl eugenol,93-15-2,0.01
Champaca absolute,trans-trans-Farnesol,106-28-5,0.01
Clove bud oil terpenes,Benzyl alcohol,100-51-6,0.01
Clove bud oil terpenes,Eugenol,97-53-0,27.0
Clove bud oil terpenes,Geraniol,106-24-1,0.05
Clove bud oil terpenes,Methyl eugenol,93-15-2,0.1
Jasmine absolute,Benzyl alcohol,100-51-6,1.08
Jasmine absolute,Benzyl benzoate,120-51-4,10.07
Jasmine absolute,Benzyl cyanide,140-29-4,0.02
Jasmine absolute,Benzyl salicylate,118-58-1,0.17
Jasmine absolute,Eugenol,97-53-0,1.53
Jasmine concrete,Benzyl alcohol,100-51-6,1.08
Jasmine concrete,Benzyl benzoate,120-51-4,10.07
Jasmine concrete,Benzyl salicylate,118-58-1,0.17
Jasmine concrete,Eugenol,97-53-0,1.53
Jasmine officinale absolute,Benzyl alcohol,100-51-6,3.0
Jasmine officinale absolute,Benzyl benzoate,120-51-4,10.0
Jasmine officinale absolute,Benzyl salicylate,118-58-1,0.2
Jasmine officinale absolute,Cresol (unspecified),1319-77-3,0.01
Jasmine officinale absolute,Eugenol,97-53-0,2.0
Jasmine officinale absolute,Geraniol,106-24-1,0.1
Jasmine officinale absolute,Isoeugenol,97-54-1,0.1
Mimosa concrete,Benzyl alcohol,100-51-6,0.04
Narcissus poeticus absolute,Benzyl alcohol,100-51-6,2.8
Narcissus poeticus absolute,Benzyl benzoate,120-51-4,8.9
Narcissus poeticus absolute,Coumarin,91-64-5,1.2
Styrax absolute,Benzyl alcohol,100-51-6,2.5
Styrax absolute,Benzyl cinnamate,103-41-3,0.17
Styrax absolute,Cinnamic alcohol,104-54-1,0.82
Styrax absolute,trans-Isoeugenol,5932-68-3,0.03
Styrax essence pyrogenated,Benzyl alcohol,100-51-6,0.15
Styrax essence pyrogenated,Benzyl cinnamate,103-41-3,0.15
Styrax essence pyrogenated,Cinnamic alcohol,104-54-1,0.25
Styrax essence pyrogenated,p-Cresol,106-44-5,0.35
Thyme absolute,Benzyl alcohol,100-51-6,0.3
Thyme absolute,Eugenol,97-53-0,0.12
Thyme absolute,Farnesol,4602-84-0,0.02
Thyme absolute,Geraniol,106-24-1,0.03
Thyme absolute,l-Carvone,6485-40-1,0.05
Thyme absolute,Methyl eugenol,93-15-2,0.01
Tuberose absolute,Benzyl alcohol,100-51-6,0.5
Tuberose absolute,Benzyl benzoate,120-51-4,5.5
Tuberose absolute,Benzyl cyanide,140-29-4,0.8
Tuberose absolute,Benzyl salicylate,118-58-1,3.6
Tuberose absolute,Eugenol,97-53-0,0.5
Tuberose absolute,Farnesol,4602-84-0,0.3
Tuberose absolute,Geraniol,106-24-1,0.1
Tuberose absolute,Isoeugenol,97-54-1,1.5
Tuberose absolute,Methyl eugenol,93-15-2,1.8
Tuberose concrete,Benzyl alcohol,100-51-6,0.5
Tuberose concrete,Benzyl benzoate,120-51-4,0.72
Tuberose concrete,Benzyl salicylate,118-58-1,2.1
Tuberose concrete,Eugenol,97-53-0,0.48
Tuberose concrete,Farnesol,4602-84-0,0.3
Tuberose concrete,Geraniol,106-24-1,0.1
Tuberose concrete,Isoeugenol,97-54-1,1.5
Tuberose concrete,Methyl eugenol,93-15-2,1.07
Ylang ylang oil I,Benzyl alcohol,100-51-6,0.09
Ylang ylang oil I,Benzyl benzoate,120-51-4,5.86
Ylang ylang oil I,Benzyl cinnamate,103-41-3,0.03
Ylang ylang oil I,Benzyl cyanide,140-29-4,0.05
Ylang ylang oil I,Benzyl salicylate,118-58-1,2.58
Ylang ylang oil I,Cinnamic alcohol,104-54-1,0.01
Ylang ylang oil I,Citral,5392-40-5,0.12
Ylang ylang oil I,Cresol (unspecified),1319-77-3,0.03
Ylang ylang oil I,Estragole,140-67-0,0.2
Ylang ylang oil I,Eugenol,97-53-0,0.58
Ylang ylang oil I,Geraniol,106-24-1,1.38
Ylang ylang oil I,Isoeugenol,97-54-1,0.51
Ylang ylang oil I,Isoeugenyl acetate,93-29-8,0.07
Ylang ylang oil I,Methyl eugenol,93-15-2,0.04
Ylang ylang oil I,trans-trans-Farnesol,106-28-5,1.82
Ylang ylang oil II,Benzyl alcohol,100-51-6,0.09
Ylang ylang oil II,Benzyl benzoate,120-51-4,7.81
Ylang ylang oil II,Benzyl cyanide,140-29-4,0.02
Ylang ylang oil II,Benzyl salicylate,118-58-1,2.36
Ylang ylang oil II,Cinnamic alcohol,104-54-1,0.02
Ylang ylang oil II,Citral,5392-40-5,0.09
Ylang ylang oil II,Cresol (unspecified),1319-77-3,0.03
Ylang ylang oil II,Estragole,140-67-0,0.13
Ylang ylang oil II,Eugenol,97-53-0,0.69
Ylang ylang oil II,Geraniol,106-24-1,1.43
Ylang ylang oil II,Isoeugenol,97-54-1,0.24
Ylang ylang oil II,Isoeugenyl acetate,93-29-8,0.05
Ylang ylang oil II,Methyl eugenol,93-15-2,0.03
Ylang ylang oil II,trans-trans-Farnesol,106-28-5,2.35
Ylang ylang oil III,Benzyl alcohol,100-51-6,0.04
Ylang ylang oil III,Benzyl benzoate,120-51-4,6.23
Ylang ylang oil III,Benzyl cinnamate,103-41-3,0.02
Ylang ylang oil III,Benzyl cyanide,140-29-4,0.02
Ylang ylang oil III,Benzyl salicylate,118-58-1,2.48
Ylang ylang oil III,Cinnamic alcohol,104-54-1,0.02
Ylang ylang oil III,Citral,5392-40-5,0.02
Ylang ylang oil III,Estragole,140-67-0,0.03
Ylang ylang oil III,Eugenol,97-53-0,0.45
Ylang ylang oil III,Geraniol,106-24-1,0.32
Ylang ylang oil III,Isoeugenol,97-54-1,0.54
Ylang ylang oil III,Isoeugenyl acetate,93-29-8,0.03
Ylang ylang oil III,Methyl eugenol,93-15-2,0.04
Ylang ylang oil III,trans-trans-Farnesol,106-28-5,1.76
"Ylang, Ylang oil complete",Benzyl alcohol,100-51-6,0.25
"Ylang, Ylang oil complete",Benzyl benzoate,120-51-4,6.32
"Ylang, Ylang oil complete",Benzyl salicylate,118-58-1,3.11
"Ylang, Ylang oil complete",Eugenol,97-53-0,0.31
"Ylang, Ylang oil complete",Farnesol,4602-84-0,1.5
"Ylang, Ylang oil complete",Geraniol,106-24-1,0.67
"Ylang, Ylang oil complete",Isoeugenol,97-54-1,0.52
"Ylang, Ylang oil complete",Isoeugenyl acetate,93-29-8,0.12
"Ylang, Ylang oil extra",Benzyl alcohol,100-51-6,0.24
"Ylang, Ylang oil extra",Benzyl benzoate,120-51-4,5.73
"Ylang, Ylang oil extra",Benzyl cyanide,140-29-4,0.02
"Ylang, Ylang oil extra",Benzyl salicylate,118-58-1,3.35
"Ylang, Ylang oil extra",Citral,5392-40-5,0.01
"Ylang, Ylang oil extra",Estragole,140-67-0,0.02
"Ylang, Ylang oil extra",Eugenol,97-53-0,0.34
"Ylang, Ylang oil extra",Farnesol,4602-84-0,1.36
"Ylang, Ylang oil extra",Geraniol,106-24-1,0.64
"Ylang, Ylang oil extra",Isoeugenol,97-54-1,0.99
"Ylang, Ylang oil extra",Isoeugenyl acetate,93-29-8,0.12
Ylang-ylang absolute,Benzyl alcohol,100-51-6,0.5
Ylang-ylang absolute,Benzyl benzoate,120-51-4,7.0
Ylang-ylang absolute,Benzyl salicylate,118-58-1,3.5
Ylang-ylang absolute,Cresol (unspecified),1319-77-3,0.31
Ylang-ylang absolute,Eugenol,97-53-0,0.5
Ylang-ylang absolute,Geraniol,106-24-1,1.0
Ylang-ylang absolute,Isoeugenol,97-54-1,0.5
Ylang-ylang absolute,Isoeugenyl acetate,93-29-8,0.05
Ylang-ylang absolute,trans-trans-Farnesol,106-28-5,1.5
"Benzoin resinoid, Siam",Benzyl benzoate,120-51-4,0.25
"Benzoin resinoid, Siam",Benzyl cinnamate,103-41-3,0.36
"Benzoin resinoid, Siam",Cinnamic alcohol,104-54-1,0.36
"Benzoin resinoid, Siam",Cinnamic aldehyde,104-55-2,0.01
"Benzoin resinoid, Siam",Isoeugenol,97-54-1,0.1
"Benzoin resinoid, Sumatra",Benzyl benzoate,120-51-4,0.04
"Benzoin resinoid, Sumatra",Benzyl cinnamate,103-41-3,0.45
"Benzoin resinoid, Sumatra",Cinnamic alcohol,104-54-1,0.01
"Benzoin resinoid, Sumatra",Cresol (unspecified),1319-77-3,0.01
"Benzoin resinoid, Sumatra",Isoeugenol,97-54-1,0.01
Clove bud absolute,Benzyl benzoate,120-51-4,0.07
Clove bud absolute,Benzyl salicylate,118-58-1,0.04
Clove bud absolute,Eugenol,97-53-0,69.08
Clove bud absolute,Isoeugenol,97-54-1,0.01
Clove bud absolute,Isoeugenyl acetate,93-29-8,0.01
Jasmine CO2 extract,Benzyl benzoate,120-51-4,5.0
Jasmine CO2 extract,Cresol (unspecified),1319-77-3,0.016
Jasmine CO2 extract,Eugenol,97-53-0,1.0
Rosewood oil,Benzyl benzoate,120-51-4,1.2
Rosewood oil,Geraniol,106-24-1,0.8
Genet absolute,Benzyl cyanide,140-29-4,0.1
Genet absolute,Eugenol,97-53-0,0.02
Genet absolute,Geraniol,106-24-1,0.13
Genet absolute,Methyl N-methylanthranilate,85-91-6,0.34
Karo karunde absolute,Benzyl cyanide,140-29-4,5.0
Magnolia flower oil,Benzyl cyanide,140-29-4,0.09
Orange blossoms absolute,Benzyl cyanide,140-29-4,0.52
Orange blossoms absolute,Farnesol,4602-84-0,3.72
Orange blossoms absolute,Geraniol,106-24-1,0.49
"Orange flower oil, bitter (neroli and neroli bigarade)",Benzyl cyanide,140-29-4,0.16
"Orange flower oil, bitter (neroli and neroli bigarade)",dl-Citronellol,106-22-9,0.04
"Orange flower oil, bitter (neroli and neroli bigarade)",Geranial,141-27-5,0.1
"Orange flower oil, bitter (neroli and neroli bigarade)",Geraniol,106-24-1,2.66
"Orange flower oil, bitter (neroli and neroli bigarade)",Neral,106-26-3,0.04
"Orange flower oil, bitter (neroli and neroli bigarade)",trans-trans-Farnesol,106-28-5,2.18
Orange flower water absolute,Benzyl cyanide,140-29-4,0.83
Orange flower water absolute,dl-Citronellol,106-22-9,0.02
Orange flower water absolute,Farnesol,4602-84-0,1.08
Orange flower water absolute,Geranial,141-27-5,0.02
Orange flower water absolute,Geraniol,106-24-1,8.84
Orange flower water absolute,Neral,106-26-3,0.01
"Orange flower, bitter, concrete",Benzyl cyanide,140-29-4,0.31
"Orange flower, bitter, concrete",Farnesol,4602-84-0,1.95
"Orange flower, bitter, concrete",Geraniol,106-24-1,0.23
Tuberose oil,Benzyl cyanide,140-29-4,0.17
Tea tree oil,beta-Cedrene,546-28-1,0.03
Tea tree oil,Methyl eugenol,93-15-2,0.05
Olibanum absolute,beta-Thujone,471-15-8,0.2
Olibanum carterii oil,beta-Thujone,471-15-8,0.4
Tagetes erecta oil,beta-Thujone,471-15-8,0.5
Tagetes minuta oil,beta-Thujone,471-15-8,0.5
Tagetes minuta oil,Citronellyl acetate,150-84-5,0.43
"Thyme oil, wild",beta-Thujone,471-15-8,0.2
"Bucchu oil, crenulata",Carvone,99-49-0,0.19
"Bucchu oil, crenulata",Methyl eugenol,93-15-2,0.19
Gingergrass oil,Carvone,99-49-0,4.0
Gingergrass oil,Geraniol,106-24-1,0.04
Gingergrass oil,Perilla aldehyde,2111-75-3,0.2
Grapefruit oil terpenes,Carvone,99-49-0,0.09
Grapefruit oil terpenes,Citral,5392-40-5,0.01
Grapefruit oil terpenes,Citronellal,106-23-0,0.01
"Marjoram oil, sweet",Carvone,99-49-0,0.4
"Marjoram oil, sweet",Geraniol,106-24-1,0.3
Nigella sativa oil,Carvone,99-49-0,8.0
Nigella sativa oil,Longifolene,475-20-7,1.8
"Orange oil, bitter",Carvone,99-49-0,0.05
"Orange oil, bitter",Geranial,141-27-5,0.05
"Orange oil, bitter",Geraniol,106-24-1,0.02
"Orange oil, bitter",Neral,106-26-3,0.03
"Orange oil, bitter",Perilla aldehyde,2111-75-3,0.02
"Orange oil, sweet, terpenes",Carvone,99-49-0,0.08
"Orange oil, sweet, terpenes",Citral,5392-40-5,0.01
"Orange oil, sweet, terpenes",Perilla aldehyde,2111-75-3,0.01
Origanum oil,Carvone,99-49-0,0.1
Origanum oil,Eugenol,97-53-0,0.08
Peppermint oil,Carvone,99-49-0,0.1
Peppermint oil,cis-3-Hexenyl isovalerate,35154-45-1,0.1
Valerian root oil,Carvyl acetate,97-42-7,0.05
Geranium oil,cis-3-Hexenyl isovalerate,35154-45-1,0.1
Geranium oil,Citral,5392-40-5,0.5
Geranium oil,Citronellal,106-23-0,0.15
Geranium oil,Citronellyl acetate,150-84-5,0.5
Geranium oil,Geraniol,106-24-1,17.7
Geranium oil,l-Citronellol,7540-51-4,21.1
Mentha arvensis oil,cis-3-Hexenyl isovalerate,35154-45-1,0.98
Mentha arvensis oil,l-Carvone,6485-40-1,0.25
Calamus oil,cis-Asarone/beta-Asarone,5273-86-9,70.0
Calamus oil,Eugenol,97-53-0,0.2
Calamus oil,Farnesol,4602-84-0,0.5
Calamus oil,Methyl eugenol,93-15-2,0.3
Calamus oil,trans-Asarone/alpha-Asarone,2883-98-9,0.7
Cubeb oil,cis-Asarone/beta-Asarone,5273-86-9,2.98
Cubeb oil,Cuminaldehyde,122-03-2,0.09
Cubeb oil,Safrole,94-59-7,0.04
Cubeb oil,trans-Asarone/alpha-Asarone,2883-98-9,1.55
Cardamom seed absolute,Citral,5392-40-5,0.88
Cardamom seed absolute,Geraniol,106-24-1,0.83
Cardamom seed CO2 extract,Citral,5392-40-5,0.88
Cardamom seed CO2 extract,Geraniol,106-24-1,0.8
Cardamom seed oil,Citral,5392-40-5,0.5
Cardamom seed oil,Geraniol,106-24-1,1.0
"Citronella oil, Ceylon type",Citral,5392-40-5,0.8
"Citronella oil, Ceylon type",Citronellal,106-23-0,4.5
"Citronella oil, Ceylon type",Citronellyl acetate,150-84-5,0.9
"Citronella oil, Ceylon type",dl-Citronellol,106-22-9,6.0
"Citronella oil, Ceylon type",Eugenol,97-53-0,0.2
"Citronella oil, Ceylon type",Farnesal,19317-11-4,0.01
"Citronella oil, Ceylon type",Geraniol,106-24-1,17.7
"Citronella oil, Java type",Citral,5392-40-5,0.8
"Citronella oil, Java type",Citronellal,106-23-0,36.0
"Citronella oil, Java type",Citronellyl acetate,150-84-5,3.0
"Citronella oil, Java type",dl-Citronellol,106-22-9,11.0
"Citronella oil, Java type",Eugenol,97-53-0,0.9
"Citronella oil, Java type",Farnesal,19317-11-4,0.01
"Citronella oil, Java type",Geraniol,106-24-1,22.0
"Citronella oil, Java type",Methyl eugenol,93-15-2,0.1
Citrus junos oil,Citral,5392-40-5,0.01
Clementine oil,Citral,5392-40-5,0.15
Clementine oil,Citronellal,106-23-0,0.1
Clementine oil,Methyl N-methylanthranilate,85-91-6,0.03
Cyperus articulatus oil,Citral,5392-40-5,0.7
Eucalyptus radiata oil,Citral,5392-40-5,1.5
Eucalyptus radiata oil,Geraniol,106-24-1,0.16
Geranium oil African,Citral,5392-40-5,0.5
Geranium oil African,Citronellyl acetate,150-84-5,0.8
Geranium oil African,Geraniol,106-24-1,17.0
Geranium oil African,l-Citronellol,7540-51-4,33.0
Ginger oil,Citral,5392-40-5,2.8
Ginger oil,Citronellal,106-23-0,0.4
Ginger oil,Farnesal,19317-11-4,0.2
Ginger oil,Geraniol,106-24-1,0.5
Ginger oleoresin,Citral,5392-40-5,0.8
Ginger oleoresin,Geraniol,106-24-1,0.1
"Grapefruit oil, terpeneless",Citral,5392-40-5,10.0
"Grapefruit oil, terpeneless",Citronellal,106-23-0,3.2
"Grapefruit oil, terpeneless",Citronellyl acetate,150-84-5,0.31
"Grapefruit oil, terpeneless",Geraniol,106-24-1,0.1
"Grapefruit oil, terpeneless",Perilla aldehyde,2111-75-3,1.0
"Kumquat oil, Fortunella margarita",Citral,5392-40-5,10.0
"Kumquat oil, Fortunella margarita",Citronellal,106-23-0,3.0
"Kumquat oil, Fortunella margarita",Geraniol,106-24-1,0.2
Lemon essence oil,Citral,5392-40-5,2.03
Lemon essence oil,Citronellal,106-23-0,0.06
Lemon essence oil,Geraniol,106-24-1,0.09
"Lemon oil, terpeneless",Citral,5392-40-5,40.0
"Lemon oil, terpeneless",Citronellal,106-23-0,3.0
"Lemon oil, terpeneless",Citronellyl acetate,150-84-5,1.72
"Lemon oil, terpeneless",Geraniol,106-24-1,2.0
Meyer lemon oil. cold pressed,Citral,5392-40-5,5.0
Meyer lemon oil. cold pressed,Citronellal,106-23-0,0.2
"Murcote oil, expressed",Citral,5392-40-5,0.1
"Murcote oil, expressed",Citronellal,106-23-0,0.1
Orange essence oil,Citral,5392-40-5,0.15
"Orange, sweet, Valencia oil",Citral,5392-40-5,0.15
Palmarosa oil,Citral,5392-40-5,0.6
Palmarosa oil,Farnesol,4602-84-0,1.0
Palmarosa oil,Geraniol,106-24-1,82.4
Petitgrain bigarade absolute,Citral,5392-40-5,0.2
Petitgrain bigarade absolute,Farnesol,4602-84-0,0.11
Petitgrain bigarade absolute,Geraniol,106-24-1,0.85
Petitgrain mandarin oil,Citral,5392-40-5,0.14
Petitgrain mandarin oil,Citronellal,106-23-0,0.05
Petitgrain mandarin oil,Methyl N-methylanthranilate,85-91-6,50.13
"Tangelo oil, expressed",Citral,5392-40-5,0.1
"Tangelo oil, expressed",Citronellal,106-23-0,0.1
Tangerine oil,Citral,5392-40-5,0.1
Tangerine oil,Citronellal,106-23-0,0.1
"Tangor oil, expressed",Citral,5392-40-5,0.1
"Tangor oil, expressed",Citronellal,106-23-0,0.1
Citron oil,Citronellal,106-23-0,0.15
Citron oil,dl-Citronellol,106-22-9,0.12
Citron oil,Eugenol,97-53-0,0.01
Citron oil,Farnesol,4602-84-0,0.01
Citron oil,Geranial,141-27-5,2.63
Citron oil,Geraniol,106-24-1,0.71
Citron oil,Neral,106-26-3,1.57
Citrus hystrix extract,Citronellal,106-23-0,11.7
Citrus hystrix extract,Citronellyl acetate,150-84-5,0.4
Citrus hystrix extract,dl-Citronellol,106-22-9,3.0
Citrus hystrix extract,Geraniol,106-24-1,0.7
Eucalyptus citriodora oil,Citronellal,106-23-0,71.77
Eucalyptus citriodora oil,Citronellyl acetate,150-84-5,1.81
Eucalyptus citriodora oil,dl-Citronellol,106-22-9,7.37
Eucalyptus citriodora oil,Eugenol,97-53-0,0.12
Eucalyptus citriodora oil,Geranial,141-27-5,0.05
Eucalyptus citriodora oil,Geraniol,106-24-1,0.11
Eucalyptus citriodora oil,Longifolene,475-20-7,0.21
Eucalyptus citriodora oil,Neral,106-26-3,0.03
Grapefruit essence oil,Citronellal,106-23-0,0.07
Grapefruit essence oil,Geranial,141-27-5,0.06
Grapefruit essence oil,Neral,106-26-3,0.04
Lemon oil steam distilled,Citronellal,106-23-0,0.07
Lemon oil steam distilled,Geranial,141-27-5,1.36
Lemon oil steam distilled,Geraniol,106-24-1,0.07
Lemon oil steam distilled,Neral,106-26-3,0.81
Abies alba cone oil,Citronellyl acetate,150-84-5,0.05
Abies alba cone oil,Longifolene,475-20-7,0.3
"Bucchu absolute, betulina",Citronellyl acetate,150-84-5,0.15
"Bucchu absolute, betulina",dl-Citronellol,106-22-9,0.19
"Bucchu absolute, betulina",Methyl eugenol,93-15-2,0.02
Geranium absolute,Citronellyl acetate,150-84-5,0.41
Geranium absolute,Geraniol,106-24-1,9.0
Geranium absolute,l-Citronellol,7540-51-4,10.6
Ginger CO2 extract,Citronellyl acetate,150-84-5,0.17
Ginger CO2 extract,Geranial,141-27-5,0.9
Ginger CO2 extract,Geraniol,106-24-1,0.27
Ginger CO2 extract,Neral,106-26-3,0.57
Nutmeg oil,Citronellyl acetate,150-84-5,0.13
Nutmeg oil,Cresol (unspecified),1319-77-3,0.1
Nutmeg oil,Eugenol,97-53-0,0.2
Nutmeg oil,Isoeugenol,97-54-1,0.5
Nutmeg oil,Methyl eugenol,93-15-2,1.2
Nutmeg oil,Safrole,94-59-7,1.5
Rose water stronger,Citronellyl acetate,150-84-5,0.02
Rose water stronger,dl-Citronellol,106-22-9,1.2
Rose water stronger,Geraniol,106-24-1,0.5
Rose water stronger,Methyl eugenol,93-15-2,0.04
Schinus molle oil,Citronellyl acetate,150-84-5,0.14
Schinus molle oil,dl-Citronellol,106-22-9,0.02
Schinus molle oil,Farnesol,4602-84-0,0.03
Schinus molle oil,Geraniol,106-24-1,0.1
Deertongue leaf absolute,Coumarin,91-64-5,25.0
Deertongue leaf absolute,Dihydrocoumarin,119-84-6,2.0
Flouve absolute,Coumarin,91-64-5,2.0
Hay absolute,Coumarin,91-64-5,8.0
Osmanthus absolute,Coumarin,91-64-5,0.02
Osmanthus absolute,Eugenol,97-53-0,0.07
Osmanthus absolute,Geraniol,106-24-1,1.2
Osmanthus concrete,Coumarin,91-64-5,0.02
Osmanthus concrete,Eugenol,97-53-0,0.06
Osmanthus concrete,Geraniol,106-24-1,1.2
Tonka Bean absolute,Coumarin,91-64-5,56.77
Tonka Bean absolute,Dihydrocoumarin,119-84-6,1.85
"Pine tar oil, rectified",Cresol (unspecified),1319-77-3,0.68
Cumin seed oil,Cuminaldehyde,122-03-2,21.0
Cumin seed oil,p-Isopropylbenzyl alcohol,536-60-7,0.2
Angelica root oil,Cyclopentadecanolide/omega-Pentadecalatone,106-02-5,1.6
Galbanum oil,Cyclopentadecanolide/omega-Pentadecalatone,106-02-5,0.1
Caraway seed oil,d-Carvone,2244-16-8,59.0
Caraway seed oil,Perilla aldehyde,2111-75-3,0.1
Celery seed oil,d-Carvone,2244-16-8,0.2
Celery seed oleoresin,d-Carvone,2244-16-8,0.1
Dill seed oil,d-Carvone,2244-16-8,51.0
Dill weed oil,d-Carvone,2244-16-8,31.5
Savory winter oil,d-Carvone,2244-16-8,0.85
Savory winter oil,Eugenol,97-53-0,3.32
Savory winter oil,Geraniol,106-24-1,0.33
Savory winter oil,Methyl eugenol,93-15-2,0.13
Hibawood oil,dl-Citronellol,106-22-9,0.38
Lime oil distilled,dl-Citronellol,106-22-9,0.01
Lime oil distilled,Geranial,141-27-5,0.32
Lime oil distilled,Geraniol,106-24-1,0.02
Lime oil distilled,Neral,106-26-3,0.26
Lime oil distilled,trans-trans-Farnesol,106-28-5,0.02
"Marjoram oil, Spanish",dl-Citronellol,106-22-9,0.09
"Marjoram oil, Spanish",Geranial,141-27-5,0.1
"Marjoram oil, Spanish",Geraniol,106-24-1,0.13
"Marjoram oil, Spanish",Neral,106-26-3,0.07
"Pine, Pinus pumila, extract",dl-Citronellol,106-22-9,0.1
"Pine, Pinus pumila, extract",Longifolene,475-20-7,0.1
"Spruce oil, White",dl-Citronellol,106-22-9,0.28
"Spruce oil, White",Longifolene,475-20-7,0.22
"Thyme oil, red",dl-Citronellol,106-22-9,0.02
"Thyme oil, red",Eugenol,97-53-0,0.12
"Thyme oil, red",Geranial,141-27-5,0.1
"Thyme oil, red",Geraniol,106-24-1,0.06
"Thyme oil, red",Methyl eugenol,93-15-2,0.01
"Thyme oil, red",Neral,106-26-3,0.06
"Basil oil, chemotype estragole",Estragole,140-67-0,81.87
"Basil oil, chemotype estragole",Eugenol,97-53-0,0.34
"Basil oil, chemotype estragole",Geranial,141-27-5,0.07
"Basil oil, chemotype estragole",l-Carvone,6485-40-1,0.49
"Basil oil, chemotype estragole",Methyl eugenol,93-15-2,0.39
"Basil oil, chemotype estragole",Neral,106-26-3,0.02
"Basil oil, chemotype estragole",p-Methoxybenzaldehyde,123-11-5,0.1
"Basil oleoresin, chemotype estragole",Estragole,140-67-0,34.0
"Basil oleoresin, chemotype estragole",Eugenol,97-53-0,0.2
"Basil oleoresin, chemotype estragole",Methyl eugenol,93-15-2,0.2
"Fennel oil, bitter, phellandrene type",Estragole,140-67-0,4.7
"Fennel oil, bitter, phellandrene type",p-Methoxybenzaldehyde,123-11-5,0.2
"Fennel oil, bitter,anethole type",Estragole,140-67-0,2.1
"Fennel oil, bitter,anethole type",p-Methoxybenzaldehyde,123-11-5,0.3
"Fennel oil, sweet",Estragole,140-67-0,2.32
"Fennel oil, sweet",p-Methoxybenzaldehyde,123-11-5,0.47
"Fir needle oil, Canadian",Estragole,140-67-0,0.04
"Fir needle oil, Canadian",Longifolene,475-20-7,0.22
Myrtle oil,Estragole,140-67-0,0.1
Myrtle oil,Geraniol,106-24-1,0.4
Myrtle oil,l-Carvone,6485-40-1,0.2
Myrtle oil,Methyl eugenol,93-15-2,1.0
Ravensara aromatica oil,Estragole,140-67-0,8.0
Ravensara aromatica oil,Safrole,94-59-7,0.03
Allspice oil,Eugenol,97-53-0,69.0
Allspice oil,Methyl eugenol,93-15-2,8.5
Allspice oleoresin,Eugenol,97-53-0,41.4
Allspice oleoresin,Methyl eugenol,93-15-2,5.1
Cascarilla bark oil,Eugenol,97-53-0,0.4
Clove bud oil,Eugenol,97-53-0,82.0
Clove bud oil,Methyl eugenol,93-15-2,0.1
Clove leaf oil,Eugenol,97-53-0,85.3
Clove leaf oil,Isoeugenol,97-54-1,0.1
Clove leaf oil,Methyl eugenol,93-15-2,0.1
Clove stem oil,Eugenol,97-53-0,88.0
Clove stem oil,Methyl eugenol,93-15-2,0.06
Mace oil,Eugenol,97-53-0,0.7
Mace oil,Methyl eugenol,93-15-2,1.2
Mace oil,Safrole,94-59-7,1.7
Mace oleoresin,Eugenol,97-53-0,0.4
Mace oleoresin,Methyl eugenol,93-15-2,0.6
Mace oleoresin,Safrole,94-59-7,1.6
Nutmeg oleoresin,Eugenol,97-53-0,0.1
Nutmeg oleoresin,Methyl eugenol,93-15-2,0.6
Nutmeg oleoresin,Safrole,94-59-7,1.0
Ocatea cymbarum oil,Eugenol,97-53-0,0.36
Ocatea cymbarum oil,Methyl eugenol,93-15-2,0.3
Ocatea cymbarum oil,Safrole,94-59-7,92.0
Pimenta leaf oil,Eugenol,97-53-0,83.0
Pimenta leaf oil,Methyl eugenol,93-15-2,6.0
"Pine Scotch, resinoid",Eugenol,97-53-0,0.02
"Pine Scotch, resinoid",Isoeugenol,97-54-1,0.01
"Pine Scotch, resinoid",l-Carvone,6485-40-1,0.001
Sassafras bark oil,Eugenol,97-53-0,0.36
Sassafras bark oil,Methyl eugenol,93-15-2,0.3
Sassafras bark oil,Safrole,94-59-7,92.0
Snakeroot oil,Eugenol,97-53-0,1.0
Snakeroot oil,Geraniol,106-24-1,1.0
Snakeroot oil,Methyl eugenol,93-15-2,40.0
"Thyme oil, white",Eugenol,97-53-0,0.1
"Thyme oil, white",Geraniol,106-24-1,0.1
"Thyme oil, white",Methyl eugenol,93-15-2,0.03
Ambrette seed absolute,Farnesal,19317-11-4,0.5
Ambrette seed absolute,Farnesol,4602-84-0,5.0
Ambrette seed oil,Farnesal,19317-11-4,0.2
Ambrette seed oil,Farnesol,4602-84-0,3.0
Ambrette tincture,Farnesol,4602-84-0,0.2
"Orange flower, bitter, CO2 extract",Farnesol,4602-84-0,6.5
"Orange flower, bitter, CO2 extract",Geraniol,106-24-1,0.45
Bergamot oil expressed,Geranial,141-27-5,0.28
Bergamot oil expressed,Geraniol,106-24-1,0.04
Bergamot oil expressed,Neral,106-26-3,0.2
"Petitgrain oil, Paraguay",Geranial,141-27-5,0.18
"Petitgrain oil, Paraguay",Geraniol,106-24-1,2.77
"Petitgrain oil, Paraguay",Methyl N-methylanthranilate,85-91-6,0.06
"Petitgrain oil, Paraguay",Neral,106-26-3,0.08
"Petitgrain oil, Paraguay",trans-trans-Farnesol,106-28-5,0.03
Tangerine oil terpenes,Geranial,141-27-5,0.02
Tangerine oil terpenes,Neral,106-26-3,0.01
Tangerine oil terpenes,Perilla aldehyde,2111-75-3,0.01
Clary sage concrete,Geraniol,106-24-1,0.2
Clary sage oil,Geraniol,106-24-1,1.2
Coriander seed oil,Geraniol,106-24-1,1.6
Eucalyptus dives oil,Geraniol,106-24-1,0.13
Helichrysum oil,Geraniol,106-24-1,0.05
Ho bark oil,Geraniol,106-24-1,0.03
Ho Leaf oil,Geraniol,106-24-1,0.4
Hop oil,Geraniol,106-24-1,0.2
Linaloe wood oil,Geraniol,106-24-1,1.0
Lovage root oil,Geraniol,106-24-1,0.92
Lovage root oil,Isoeugenol,97-54-1,0.06
Lovage root oil,l-Carvone,6485-40-1,0.02
Lovage root oil,Methyl eugenol,93-15-2,0.13
Marjoram oleoresin,Geraniol,106-24-1,0.1
Michelia alba flower oil,Geraniol,106-24-1,0.32
Michelia alba flower oil,Methyl eugenol,93-15-2,2.06
Michelia alba leaf oil,Geraniol,106-24-1,0.24
Michelia alba leaf oil,Methyl eugenol,93-15-2,0.33
Spearmint oil terpenes,Hexen-2-al,6728-26-3,0.25
Spearmint oil terpenes,l-Carvone,6485-40-1,8.51
Guaiac wood oil,Isoeugenyl acetate,93-29-8,0.12
Parsley herb oil,l-Carvone,6485-40-1,0.2
Abies alba needle oil,Longifolene,475-20-7,0.3
"Cedarwood oil, Himalaya",Longifolene,475-20-7,0.7
Hinoki leaf oil,Longifolene,475-20-7,32.0
Hinoki wood oil,Longifolene,475-20-7,0.7
Pine needle oil,Longifolene,475-20-7,0.09
"Pine, Pinus pinaster, oil",Longifolene,475-20-7,3.71
Turpentine gum,Longifolene,475-20-7,4.39
Turpentine oil,Longifolene,475-20-7,0.12
Elemi oil,Methyl eugenol,93-15-2,0.4
Elemi resinoid,Methyl eugenol,93-15-2,0.09
Mastic absolute,Methyl eugenol,93-15-2,0.01
"Orange flower oil, bitter (Neroli and Neroli bigarade)",Methyl N-formylanthranilate,41270-80-8,0.03
Mandarin oil,Methyl N-methylanthranilate,85-91-6,0.4
Cassis bud absolute,p-Isopropylbenzyl alcohol,536-60-7,0.1
"Camphor oil, brown",Safrole,94-59-7,80.0
"Camphor oil, yellow",Safrole,94-59-7,50.0
